{"look_at": [-7.014284610748291, 1.1729533672332764, 6.93665075302124], "point_size": 0.05, "camera_position": [48.214664459228516, 1113.5894775390625, 557.2040405273438], "point_opacity": 0.6, "filename": "pyntcloud_plot", "line_color_list": ["0xffffff"], "lines": [[[0, 0, 0], [0, 0, 1]]]}