{"look_at": [-7.9384331703186035, -1.595900297164917, 19.45485496520996], "point_size": 0.05, "line_color_list": ["0xffffff"], "filename": "pyntcloud_plot", "lines": [[[0, 0, 0], [0, 0, 1]]], "camera_position": [27.89419174194336, 68.07100677490234, 858.2157592773438], "point_opacity": 0.6}